iso3_code,country_name,iso2_code,gdp,unemployment_rate,school_enrollment_tert,adult_literacy_rate
ABW,Aruba,AW,3648573136.15155,,14.0655418559377,96.8199996948242
AFG,Afghanistan,AF,17152234636.8715,13.295,10.85435962677,37.2700004577637
AGO,Angola,AO,80396942241.6233,14.464,9.9549065722902,66.2399978637695
ALB,Albania,AL,27177735527.5667,10.25,81.9986267089844,97.6800003051758
AND,Andorra,AD,4039844390.22543,,67.6767676767677,
ARE,United Arab Emirates,AE,537078829135.466,2.133,63.7384451086316,98.8099975585938
ARG,Argentina,AR,633266692533.689,7.876,107.822574129434,99.1399993896484
ARM,Armenia,AM,25786585949.6346,13.329,52.7748065090859,99.8399963378906
ASM,American Samoa,AS,871000000.0,,19.6201190948486,97.3399963378906
ATG,Antigua and Barbuda,AG,2224814814.81481,,25.1156271899089,98.9499969482422
AUS,Australia,AU,1752193307380.34,4.072,104.64835357666,
AUT,Austria,AT,521642466921.745,5.439,91.6818237304688,
AZE,Azerbaijan,AZ,74315882352.9412,5.594,41.3413783372226,99.7799987792969
BDI,Burundi,BI,2162378759.3467,0.902,6.02545976638794,71.4078166079164
BEL,Belgium,BE,664564181486.953,5.488,82.1475601196289,
BEN,Benin,BJ,21482643720.2743,1.722,10.2350101470947,51.3800010681152
BFA,Burkina Faso,BF,23250214909.5391,5.166,10.0419678526515,41.442033530681
BGD,Bangladesh,BD,450119424622.389,4.68,23.7295608009814,79.0
BGR,Bulgaria,BG,112211952703.831,4.104,79.8532333374023,98.3499984741211
BHR,Bahrain,BH,47736702127.6596,1.102,58.3677241853667,97.8199996948242
BHS,"Bahamas, The",BS,15832800000.0,8.463,14.8425798416138,
BIH,Bosnia and Herzegovina,BA,28343394203.4694,10.723,45.5027618408203,96.9899978637695
BLR,Belarus,BY,75961865471.9129,3.361,70.1107509145358,99.870002746582
BLZ,Belize,BZ,3515783328.91079,7.0,24.8098643151325,87.879997253418
BMU,Bermuda,BM,8980200000.0,,17.3357105255127,
BOL,Bolivia,BO,49668296743.8495,3.091,,95.5500030517578
BRA,Brazil,BR,2179412080828.59,7.634,60.3906211853027,94.8005123042056
BRB,Barbados,BB,7165000000.0,7.529,53.5815662047086,99.2699966430664
BRN,Brunei Darussalam,BN,15463134387.2013,5.144,36.4182725443167,96.0899963378906
BTN,Bhutan,BT,3019253885.46989,2.856,13.011259392916,64.9100036621094
BWA,Botswana,BW,19400774882.4495,23.138,21.4087908549348,81.1900024414062
CAF,Central African Republic,CF,2751544520.37918,5.899,2.77519989013672,42.439998626709
CAN,Canada,CA,2241253230970.34,6.45,76.2586212158203,
CHE,Switzerland,CH,936564198048.516,4.11,74.0060882568359,
CHL,Chile,CL,330267137371.592,9.056,104.734062194824,96.4000015258789
CHN,China,CN,18743803170827.2,4.571,76.8757843123403,96.7399978637695
CIV,Cote d'Ivoire,CI,86538413923.3943,2.288,11.5724272130065,50.0
CMR,Cameroon,CM,51326764684.8595,3.518,16.6614294830602,72.5500030517578
COD,"Congo, Dem. Rep.",CD,70749355652.1207,4.556,6.37987995147705,65.6914486099044
COG,"Congo, Rep.",CG,15719985776.3966,19.694,10.3812103271484,76.1100006103516
COL,Colombia,CO,418542042920.189,9.608,59.2901382446289,95.3399963378906
COM,Comoros,KM,1546164420.32442,3.875,18.8190281456697,75.8250571350015
CPV,Cabo Verde,CV,2767599017.44874,11.878,24.2905954414767,88.4700012207031
CRI,Costa Rica,CR,95350423176.664,7.848,55.0202903747559,97.4100036621094
CUB,Cuba,CU,107351800000.0,1.53,43.1040700506779,97.6500015258789
CUW,Curacao,CW,3281419347.37053,,23.0842005676443,
CYM,Cayman Islands,KY,7139428557.71423,,33.0195503234863,98.870002746582
CYP,Cyprus,CY,36333022329.4981,5.602,99.0216827392578,98.6800003051758
CZE,Czechia,CZ,345036675975.047,2.506,66.7282867431641,
DEU,Germany,DE,4659929336890.62,3.406,78.5947494506836,
DJI,Djibouti,DJ,4086402718.86834,25.875,5.16012001037598,
DMA,Dominica,DM,688881481.481481,,6.9480299949646,
DNK,Denmark,DK,429457372071.869,5.587,81.2308197021484,
DOM,Dominican Republic,DO,124282245638.568,5.473,57.6509476207267,94.0299987792969
DZA,Algeria,DZ,263619794506.723,11.427,54.4283410150344,75.1399993896484
ECU,Ecuador,EC,124676074700.0,4.773,67.8851161961618,96.2600021362305
EGY,"Egypt, Arab Rep.",EG,389059911003.566,7.198,37.5781274463676,79.4565788949049
ERI,Eritrea,ER,2065001626.01626,5.553,3.20262002944946,64.6600036621094
ESP,Spain,ES,1722745978335.16,11.394,93.7303466796875,99.6999969482422
EST,Estonia,EE,42764929169.3258,7.828,67.6179275512695,99.8899993896484
ETH,Ethiopia,ET,126772707851.339,3.398,5.9192507771213,60.4599990844727
FIN,Finland,FI,299835625550.781,8.26,108.130409240723,
FJI,Fiji,FJ,5840564072.77313,4.307,75.0089752283697,
FRA,France,FR,3162079073495.78,7.37,70.4536437988281,
FRO,Faroe Islands,FO,3907323961.33964,,,
FSM,"Micronesia, Fed. Sts.",FM,471425099.488675,,13.3582201004028,
GAB,Gabon,GA,20867044935.6729,20.061,7.65526008605957,88.8600006103516
GBR,United Kingdom,GB,3643834188782.91,4.111,80.4987716674805,
GEO,Georgia,GE,33776141250.5716,11.48,78.2652247393707,99.6800003051758
GHA,Ghana,GH,82825288888.9734,3.007,22.0958254757285,76.4899978637695
GIN,Guinea,GN,25334307878.737,5.23,10.8547201156616,39.6199989318848
GMB,"Gambia, The",GM,2507519958.34857,6.496,13.4765901565552,51.6399993896484
GNB,Guinea-Bissau,GW,2119865935.24909,2.622,2.62031006813049,63.9300003051758
GNQ,Equatorial Guinea,GQ,12765777677.0622,7.823,1.84452998638153,88.3099975585938
GRC,Greece,GR,257144811301.673,10.133,165.113418579102,93.9100036621094
GRD,Grenada,GD,1391435992.59259,,99.9891967773438,97.7900009155273
GRL,Greenland,GL,3326544174.37945,,,
GTM,Guatemala,GT,113199586004.477,2.219,27.2948879201171,82.1100006103516
GUM,Guam,GU,6910000000.0,5.586,,99.370002746582
GUY,Guyana,GY,24835899825.8993,10.165,26.4315792489043,85.6399993896484
HND,Honduras,HN,37093565854.0437,6.061,25.3231382609304,88.25
HRV,Croatia,HR,92526176108.621,5.236,81.1775207519531,98.1500015258789
HTI,Haiti,HT,25224154990.7946,15.058,1.05140995979309,68.0100021362305
HUN,Hungary,HU,222904723252.11,4.434,56.5924415588379,98.8600006103516
IDN,Indonesia,ID,1396300098190.97,3.3,44.8813034886441,96.0
IMN,Isle of Man,IM,7431257410.92713,,,
IND,India,IN,3912686168582.21,4.202,34.4184659748952,81.6999969482422
IRL,Ireland,IE,577389475009.922,4.369,76.6049499511719,
IRN,"Iran, Islamic Rep.",IR,436906331671.859,9.192,58.6677703857422,88.9233339833467
IRQ,Iraq,IQ,279641257615.385,15.524,15.5580997467041,84.0588635813164
ISL,Iceland,IS,33462807982.85,3.107,76.5200729370117,
ITA,Italy,IT,2372774547793.12,6.778,75.9496536254883,99.3499984741211
JAM,Jamaica,JM,19930288337.028,4.885,26.2334142821948,79.9199981689453
JOR,Jordan,JO,53352289577.4648,17.996,35.9184001120427,94.8499984741211
JPN,Japan,JP,4026210821146.81,2.563,64.8912200927734,
KAZ,Kazakhstan,KZ,288406138230.669,4.794,53.4564204414133,99.7300033569336
KEN,Kenya,KE,124498691699.125,5.434,10.4185962462804,82.2300033569336
KGZ,Kyrgyz Republic,KG,17478259659.2625,3.289,53.1743590503791,99.2399978637695
KHM,Cambodia,KH,46352647034.7775,0.27,21.4437426836662,71.9300003051758
KIR,Kiribati,KI,307862546.789627,,4.96087980270386,98.6322966077083
KNA,St. Kitts and Nevis,KN,1066681481.48148,,93.92236328125,
KOR,"Korea, Rep.",KR,1712792854202.37,2.604,106.709167480469,97.9700012207031
KWT,Kuwait,KW,160227273001.348,2.144,51.8967176944636,96.4599990844727
LAO,Lao PDR,LA,16502933121.0806,1.218,14.8841695785522,75.6399993896484
LBN,Lebanon,LB,20078620356.9931,11.543,54.4012561547071,92.0144800114203
LBR,Liberia,LR,4750000000.0,2.882,10.838520055325,59.4035765513495
LBY,Libya,LY,46636278901.9016,18.615,58.543701171875,60.1599998474121
LCA,St. Lucia,LC,2549062962.96296,10.928,15.0396404266357,
LIE,Liechtenstein,LI,8287748667.20832,,46.0189590454102,
LKA,Sri Lanka,LK,98963185509.6499,4.996,20.7412633848006,92.6600036621094
LSO,Lesotho,LS,2271541845.62002,16.147,9.93844298033582,90.4499969482422
LTU,Lithuania,LT,84869215513.3648,7.504,77.0064163208008,99.8199996948242
LUX,Luxembourg,LU,93197329011.7078,5.935,21.5371704101562,
LVA,Latvia,LV,43520773851.1219,6.72,85.7360610961914,99.9000015258789
MAF,St. Martin (French part),MF,649206156.194207,,,
MAR,Morocco,MA,154430996472.752,8.943,48.1839617510572,64.2600021362305
MCO,Monaco,MC,9995350547.12166,,77.4806900024414,
MDA,Moldova,MD,18200340853.6517,1.434,74.7109378669046,99.3600006103516
MDG,Madagascar,MG,17420814800.7045,3.012,6.1466638463036,74.6900024414062
MDV,Maldives,MV,6975146349.42592,4.636,48.4968654322788,98.2099990844727
MEX,Mexico,MX,1852722885258.11,2.711,47.474681854248,95.7654716766416
MHL,Marshall Islands,MH,280357844.229802,,37.6853053112652,95.8342549583425
MKD,North Macedonia,MK,16685236492.0675,13.417,55.0082015991211,96.129997253418
MLI,Mali,ML,26588067731.1692,3.06,5.12750941173932,35.4700012207031
MLT,Malta,MT,24322006607.9295,2.703,80.5250091552734,93.3099975585938
MMR,Myanmar,MM,74079772652.4286,3.032,20.3723297119141,93.5471293315427
MNE,Montenegro,ME,8069536125.80285,14.1,55.1743011474609,98.5299987792969
MNG,Mongolia,MN,23586055802.4517,5.424,69.044059753418,98.6399993896484
MNP,Northern Mariana Islands,MP,1096000000.0,,,
MOZ,Mozambique,MZ,22416650343.4786,3.527,7.4630510423433,61.6778205151772
MRT,Mauritania,MR,10766731873.5407,10.373,5.97194330025359,59.5299987792969
MUS,Mauritius,MU,14952555414.8553,5.476,45.7771156388358,94.3265215627
MWI,Malawi,MW,11008925322.5134,5.045,2.70813684546823,70.1500015258789
MYS,Malaysia,MY,421972102253.57,3.826,38.5013945445142,95.7699966430664
NAM,Namibia,NA,13372354268.5446,19.148,26.1092654658031,87.6399993896484
NCL,New Caledonia,NC,9623318718.31459,11.15,,96.1399993896484
NER,Niger,NE,19537639288.0633,0.355,4.15170730347346,35.6100006103516
NGA,Nigeria,NG,187759703099.801,2.989,9.74153350922586,70.4100036621094
NIC,Nicaragua,NI,19693982967.5926,4.574,30.3635101318359,87.3450882346125
NLD,Netherlands,NL,1227543925316.41,3.599,86.5938262939453,
NOR,Norway,NO,483727398216.364,3.97,95.0573806762695,
NPL,Nepal,NP,42914268286.7109,10.706,21.2915596292014,68.7099990844727
NRU,Nauru,NR,160350639.549467,,,96.5899963378906
NZL,New Zealand,NZ,260235932558.996,4.869,76.3811416625977,
OMN,Oman,OM,106942782834.85,3.161,43.8433613964625,97.3399963378906
PAK,Pakistan,PK,373071855731.539,5.472,10.8564126844434,58.8600006103516
PAN,Panama,PA,86260400000.0,6.518,53.6949637061742,96.256135181795
PER,Peru,PE,289221969059.853,4.828,71.2404708862305,93.6600036621094
PHL,Philippines,PH,461617509782.355,2.153,47.4134996154186,98.4700012207031
PLW,Palau,PW,281849100.0,,41.130604288499,100.0
PNG,Papua New Guinea,PG,32538480023.9998,2.741,1.94981002807617,87.144148905762
POL,Poland,PL,914696430325.391,2.472,76.8794097900391,98.7399978637695
PRI,Puerto Rico (US),PR,125841500000.0,5.472,77.9263575380698,92.3899993896484
PRK,"Korea, Dem. People's Rep.",KP,,2.859,26.7206192016602,100.0
PRT,Portugal,PT,308683317392.68,6.384,77.6778182983398,94.4800033569336
PRY,Paraguay,PY,44458118399.6669,6.093,37.6179261040957,94.8600006103516
PYF,French Polynesia,PF,6402221222.32749,11.75,1.45677995681763,
QAT,Qatar,QA,217982967032.967,0.126,35.0854901088778,97.75
ROU,Romania,RO,382767571329.158,5.379,55.1682891845703,99.1600036621094
RUS,Russian Federation,RU,2173835806671.66,2.527,60.3891235376867,99.9300003051758
RWA,Rwanda,RW,14251642231.4932,11.994,9.41173924647801,78.7600021362305
SAU,Saudi Arabia,SA,1237529866666.67,3.896,83.884129573915,97.9300003051758
SDN,Sudan,SD,49909807029.6996,7.53,15.8645696640015,53.5200004577637
SEN,Senegal,SN,32267254425.052,2.992,15.3302400879779,50.3600006103516
SGP,Singapore,SG,547386645891.847,3.182,97.2886546863037,97.6500015258789
SLB,Solomon Islands,SB,1760767447.17461,1.47,,76.5999984741211
SLE,Sierra Leone,SL,7547843281.27425,3.126,1.98783004283905,43.5800018310547
SLV,El Salvador,SV,35364960000.0,2.839,32.8347079463918,89.7699966430664
SMR,San Marino,SM,1831700577.08904,,57.5487465181059,99.9100036621094
SOM,"Somalia, Fed. Rep.",SO,12108515109.9996,18.861,2.41033005714417,54.1199989318848
SRB,Serbia,RS,89083506277.2344,7.39,73.2060012817383,99.3399963378906
SSD,South Sudan,SS,11997800760.2242,12.477,,26.8299999237061
STP,Sao Tome and Principe,ST,764274042.735043,9.17,12.8210802078247,87.4400024414062
SUR,Suriname,SR,4714267822.2233,7.325,4.93785087797966,92.870002746582
SVK,Slovak Republic,SK,141775733420.114,5.234,53.417610168457,
SVN,Slovenia,SI,72485008929.2766,3.357,80.0806884765625,99.5199966430664
SWE,Sweden,SE,610117791237.089,8.528,81.3998184204102,
SWZ,Eswatini,SZ,4891883720.15742,34.4,6.43545771863543,90.75
SXM,Sint Maarten (Dutch part),SX,1735210227.92581,,7.65284309533989,
SYC,Seychelles,SC,2167239562.46013,,14.5342502593994,93.9499969482422
SYR,Syrian Arab Republic,SY,19993439949.5435,12.962,43.7606582641602,94.4199981689453
TCA,Turks and Caicos Islands,TC,1745378000.0,,25.2537080405933,
TCD,Chad,TD,20625711664.6472,1.088,4.39665967267065,30.6299991607666
TGO,Togo,TG,9925732119.72034,1.94,14.9029897765252,72.5999984741211
THA,Thailand,TH,526411265427.683,0.693,44.9845744019321,91.0999984741211
TJK,Tajikistan,TJ,14204575548.5536,11.635,35.6398418742497,100.0
TKM,Turkmenistan,TM,64239891739.3311,4.304,20.4250351701637,99.9000015258789
TLS,Timor-Leste,TL,1881265333.4187,1.603,30.9611108169641,72.4700012207031
TON,Tonga,TO,508735107.033734,2.192,42.8611738148984,91.0500030517578
TTO,Trinidad and Tobago,TT,26428963758.1307,4.546,11.8308000564575,96.9400024414062
TUN,Tunisia,TN,53409988744.5968,16.203,38.1219482421875,86.25
TUR,Turkiye,TR,1323254808058.74,8.449,127.577972412109,97.2600021362305
TUV,Tuvalu,TV,62280311.5852172,,19.3509615384615,100.0
TZA,Tanzania,TZ,78779864877.3018,2.576,4.01880979537964,78.2099990844727
UGA,Uganda,UG,53651874313.9836,2.941,4.61899995803833,79.0582329588683
UKR,Ukraine,UA,190741263731.535,9.834,85.2667604023424,99.4300003051758
URY,Uruguay,UY,80961511073.5797,8.401,79.9536903496537,98.9100036621094
USA,United States,US,29184890000000.0,4.106,79.361930847168,
UZB,Uzbekistan,UZ,114965293466.611,4.488,56.517478700865,100.0
VCT,St. Vincent and the Grenadines,VC,1157207407.40741,18.056,23.6186294555664,95.629997253418
VEN,"Venezuela, RB",VE,482359318767.703,5.475,78.2699203491211,97.1867494381301
VGB,British Virgin Islands,VG,,,29.5605306799337,
VIR,Virgin Islands (U.S.),VI,4672000000.0,12.014,33.5513496398926,
VNM,Viet Nam,VN,476388230307.175,1.431,37.5923642016718,96.129997253418
VUT,Vanuatu,VU,1161251868.03498,5.064,4.87792015075684,87.9599990844727
WSM,Samoa,WS,1068025243.63929,4.551,14.6106638814429,97.9899978637695
XKX,Kosovo,XK,11148602232.663,,,
YEM,"Yemen, Rep.",YE,21606160663.0131,17.086,8.80690002441406,37.0900001525879
ZAF,South Africa,ZA,400260724226.067,33.168,23.493768799339,91.1500015258789
ZMB,Zambia,ZM,26325775287.0226,5.961,3.96159738763825,82.0418064991238
ZWE,Zimbabwe,ZW,44187704410.1191,8.554,7.74912957845971,93.2300033569336
